TT03007,1107000000204,257
TT03007,1107000000205,237
TT03007,1107000000206,234
TT03017,1107000000339,162
TT03017,1107000000341,152
TT03017,1107000000340,150
TT03017,1107000000349,142
TT03007,1107000000207,140
CG05054,1104000003621,138
TT03017,1107000000351,138
TT03011,1107000000254,135
TT03017,1107000000350,123
CG05054,1104000003611,121
TT03015,1107000000286,116
TT03015,1107000000284,115
TT03011,1107000000256,109
TT03017,1107000000342,102
TT03015,1107000000285,100
CG05054,1104000003620,99
TT03017,1107000000352,99
TT03011,1107000000246,91
CG05054,1104000003610,90
TT03011,1107000000244,86
TT03015,1107000000279,82
TT03015,1107000000291,76
TT03011,1107000000245,73
TT03015,1107000000287,72
CG05054,1104000003619,71
TT03015,1107000000290,71
TT03015,1107000000289,71
TT03015,1107000000281,70
TT03007,1107000000203,68
TT03011,1107000000255,67
CG05054,1104000003609,60
CG05054,1104000003622,57
TT03015,1107000000280,51
TT03017,1107000000338,49
TT03015,1107000000292,49
TT03015,1107000000282,48
TT03011,1107000000247,46
CG05054,1104000003616,46
TT03011,1107000000249,46
TT03011,1107000000253,41
TT03017,1107000000344,41
CG05054,1104000003612,40
TT03017,1107000000346,40
CG05054,1104000003615,37
TT03017,1107000000345,36
TT03017,1107000000348,34
TT03015,1107000000283,34
CG05054,1104000003614,30
TT03011,1107000000257,25
TT03007,1107000000124,24
TT03017,1107000000347,24
CG05054,1104000003623,19
TT03007,1107000000126,15
TT03011,1107000000243,15
TT03011,1107000000250,14
TT03015,1107000000288,13
TT03017,1107000000343,12
TT03011,1107000000251,11
TT03011,1107000000252,11
CG05054,1104000003613,10
TT03015,1107000000278,8
TT03007,1107000000127,7
TT03007,1107000000123,6
TT03011,1107000000248,6
TT03007,1107000000131,5
TT03017,1107000000334,3
TT03007,1107000000132,3
TT03007,1107000000133,1
TT03007,1107000000135,0
TT03011,1107000000240,0
TT03017,1107000000333,0
TT03017,1107000000337,0
TT03007,1107000000130,0
TT03007,1107000000134,0
TT03007,1107000000118,0
TT03007,1107000000120,0
TT03007,1107000000125,0
TT03007,1107000000129,0
TT03017,1107000000336,0
TT03007,1107000000137,0
TT03011,1107000000242,0
CG05054,1104000003617,0
TT03017,1107000000335,0
TT03007,1107000000136,0
SD07024,1104000003591,133
CG05056,1104000003561,112
SD07024,1104000003581,107
CG09097,1104000003483,106
TT03008,1107000000146,104
TT03008,1107000000144,102
CG09097,1104000003473,101
CG09097,1104000003478,98
BB01122,1103000002269,96
TT03008,1107000000145,88
CG05056,1104000003560,88
SD07024,1104000003590,87
BB01122,1103000002270,82
BB01122,1103000002264,81
SD07024,1104000003580,77
CG09097,1104000003482,76
BB01122,1103000002265,75
SD07024,1104000003586,72
CG09097,1104000003472,71
CG05056,1104000003551,68
BB01122,1103000002275,67
BB01122,1103000002274,66
CG09097,1104000003477,65
TT03008,1107000000147,60
CG05056,1104000003556,60
CG05056,1104000003559,58
SD07024,1104000003589,58
BB01122,1103000002268,57
CG05056,1104000003550,56
SD07024,1104000003585,56
CG05056,1104000003562,55
SD07024,1104000003592,55
CG09097,1104000003474,52
TT03008,1107000000214,51
CG09097,1104000003481,51
BB01122,1103000002263,50
SD07024,1104000003579,50
CG09097,1104000003484,50
TT03008,1107000000215,48
BB01122,1103000002273,47
TT03008,1107000000141,46
BB01122,1103000002267,43
SD07024,1104000003582,42
CG05056,1104000003555,40
TT03008,1107000000216,38
BB01122,1103000002266,38
CG09097,1104000003476,35
TT03008,1107000000139,34
CG09097,1104000003479,33
TT03008,1107000000156,31
BB01122,1103000002271,30
CG09097,1104000003471,30
TT03008,1107000000142,26
BB01122,1103000002272,25
CG09097,1104000003485,25
SD07024,1104000003584,24
CG05056,1104000003563,23
TT03008,1107000000157,22
CG05056,1104000003554,22
CG05056,1104000003549,22
BB01122,1103000002276,22
TT03008,1107000000217,22
BB01122,1103000002277,21
TT03008,1107000000143,20
TT03008,1107000000213,19
SD07024,1104000003593,19
CG05056,1104000003557,18
SD07024,1104000003587,17
TT03008,1107000000154,16
TT03008,1107000000155,16
SD07024,1104000003583,15
CG09097,1104000003475,14
TT03008,1107000000138,13
CG09097,1104000003480,10
TT03008,1107000000140,5
TT03008,1107000000153,3
SD07024,1104000003588,1
TT03008,1107000000212,0
TT03008,1107000000148,0
TT03008,1107000000149,0
TT03008,1107000000208,0
TT03008,1107000000211,0
CG05056,1104000003552,0
CG07057,1104000002827,139
CG07072,1104000003647,106
SD09061,1101000003119,102
SD09061,1101000003124,99
CG07057,1104000002832,92
CG07057,1104000002822,89
CG07072,1104000003657,89
CG07072,1104000003646,76
SD09061,1101000003118,74
CG07057,1104000002821,73
SD09061,1101000003123,71
TT03013,1107000000274,70
TT03013,1107000000271,69
CG07057,1104000002826,69
SD09054,1101000002934,69
SD09054,1101000002940,68
TT03013,1107000000276,68
TT03013,1107000000269,68
SD09054,1101000002941,68
TT03013,1107000000266,67
TT03013,1107000000275,67
TT03013,1107000000264,66
CG07072,1104000003656,65
TT03013,1107000000270,65
SD09054,1101000002935,64
TT03013,1107000000265,62
SD09054,1101000002946,61
SD09054,1101000002947,61
CG07072,1104000003645,58
SD09061,1101000003114,49
SD09061,1101000003120,48
CG07072,1104000003648,47
SD09061,1101000003125,47
SD09054,1101000002936,47
SD09061,1101000003117,47
SD09054,1101000002939,47
SD09054,1101000002933,46
SD09061,1101000003122,46
SD09054,1101000002942,46
TT03013,1107000000267,45
TT03013,1107000000277,45
TT03013,1107000000272,44
CG07072,1104000003655,43
SD09054,1101000002948,41
CG07072,1104000003658,40
CG07072,1104000003652,39
CG07057,1104000002831,38
SD09054,1101000002945,37
CG07072,1104000003651,37
CG07057,1104000002820,36
CG07057,1104000002823,34
CG07057,1104000002828,34
CG07057,1104000002825,32
SD09061,1101000003113,28
CG07057,1104000002830,27
CG07057,1104000002833,25
SD09061,1101000003121,24
SD09054,1101000002943,22
SD09054,1101000002949,22
TT03013,1107000000268,21
TT03013,1107000000273,21
SD09054,1101000002937,19
TT03013,1107000000263,19
SD09061,1101000003126,19
SD09061,1101000003115,19
SD09054,1101000002938,18
CG07072,1104000003653,17
SD09054,1101000002944,16
CG07072,1104000003659,15
CG07072,1104000003649,12
SD09054,1101000002932,10
SD09061,1101000003112,9
CG07057,1104000002834,7
CG07072,1104000003650,7
SD09061,1101000003116,4
CG07057,1104000002824,3
CG07057,1104000002829,2
CG07072,1104000003654,0
SD09060,1101000002929,81
CG09095,1104000003343,79
CG09095,1104000003353,76
SD09060,1101000002924,71
CG09094,1104000003530,70
SD09060,1101000002919,69
TT03014,1107000000295,67
TT03014,1107000000304,65
BB01121,1103000002249,64
SD09060,1101000002928,63
CG09094,1104000003531,63
CG09094,1104000003524,62
TT03014,1107000000296,61
TT03014,1107000000294,60
CG09094,1104000003525,59
TT03014,1107000000305,57
CG09095,1104000003352,56
TT03014,1107000000306,55
CG09095,1104000003348,55
BB01121,1103000002254,52
CG09095,1104000003342,52
SD09060,1101000002923,50
CG09094,1104000003529,49
BB01121,1103000002259,45
BB01121,1103000002248,43
BB01121,1103000002250,43
CG09094,1104000003518,41
CG09095,1104000003341,40
BB01121,1103000002255,40
CG09094,1104000003526,40
CG09094,1104000003523,39
CG09094,1104000003519,39
CG09095,1104000003344,38
SD09060,1101000002918,38
TT03014,1107000000297,38
BB01121,1103000002253,37
CG09095,1104000003354,37
BB01121,1103000002260,37
BB01121,1103000002258,37
SD09060,1101000002922,35
CG09094,1104000003532,35
SD09060,1101000002930,35
SD09060,1101000002925,35
CG09095,1104000003351,34
TT03014,1107000000307,33
SD09060,1101000002927,31
SD09060,1101000002917,27
BB01121,1103000002257,27
BB01121,1103000002256,26
SD09060,1101000002920,25
CG09094,1104000003520,24
BB01121,1103000002251,22
BB01121,1103000002262,20
CG09095,1104000003347,18
CG09094,1104000003527,17
CG09095,1104000003355,17
CG09094,1104000003517,16
TT03014,1107000000293,16
TT03014,1107000000303,16
BB01121,1103000002252,15
CG09094,1104000003522,15
SD09060,1101000002931,13
CG09094,1104000003533,13
TT03014,1107000000299,12
TT03014,1107000000300,12
TT03014,1107000000301,11
TT03014,1107000000309,10
BB01121,1103000002261,9
TT03014,1107000000311,9
TT03014,1107000000302,9
CG09094,1104000003521,9
CG09095,1104000003349,8
TT03014,1107000000310,7
SD09060,1101000002926,6
CG09095,1104000003350,6
CG09094,1104000003528,6
CG09095,1104000003345,5
TT03014,1107000000312,5
CG09095,1104000003346,5
SD09060,1101000002921,3
TT03014,1107000000298,2
TT03014,1107000000308,1
CG09070,1104000002797,149
CG05055,1104000003606,128
CG09070,1104000002796,107
CG05055,1104000003605,100
CG09070,1104000002792,89
SD09056,1101000002850,88
CG05055,1104000003604,70
CG09070,1104000002791,62
CG09070,1104000002798,62
SD09056,1101000002855,59
SD09056,1101000002849,58
SD01060,1101000003194,56
SD01060,1101000003188,54
SD01060,1101000003195,54
SD01067,8935281503259,54
SD01060,1101000003182,54
SD01060,1101000003183,54
CG09070,1104000002795,53
SD01067,8935281503242,53
SD01067,8935281503204,53
SD01067,8935281503198,52
CG05055,1104000003607,47
SD01067,8935281503129,43
SD01060,1101000003189,42
SD09056,1101000002851,41
SD01067,8935281503174,40
SD01067,8935281503181,39
CG05055,1104000003601,38
SD01060,1101000003193,37
SD09056,1101000002860,36
SD01067,8935281503228,36
SD01060,1101000003187,34
SD01067,8935281503150,34
SD01060,1101000003196,34
SD01060,1101000003181,33
SD01067,8935281503235,33
SD09056,1101000002854,32
SD01067,8935281503143,31
SD01067,8935281503136,30
SD01067,8935281503266,28
SD09056,1101000002848,26
SD01067,8935281503211,24
CG05055,1104000003600,23
SD09056,1101000002861,22
SD01060,1101000003184,21
SD09056,1101000002856,21
SD01067,8935281503167,20
SD01060,1101000003192,16
SD01060,1101000003180,14
SD09056,1101000002857,14
SD09056,1101000002852,14
SD01060,1101000003190,12
CG05055,1104000003599,11
SD09056,1101000002853,11
SD09056,1101000002859,11
SD01060,1101000003186,10
CG09070,1104000002790,9
SD01060,1101000003197,9
SD09056,1101000002862,8
SD01060,1101000003185,6
CG05055,1104000003602,3
CG09070,1104000002793,1
CG09070,1104000002794,0
CG09070,1104000002802,0
CG09070,1104000002803,0
CG09070,1104000002804,0
CG05055,1104000003598,0
CG05055,1104000003595,0
SD01060,1101000003191,0
CG05057,1104000003566,77
SD09045,1101000002590,65
BB03010,1103000002205,60
BB03010,1103000002210,59
CG05057,1104000003565,59
SD09045,1101000002585,59
BB01125,1103000002335,56
BB01125,1103000002336,56
BB01125,1103000002340,50
BB03010,1103000002204,49
SD09045,1101000002580,49
CG07074,1104000003676,48
BB01125,1103000002341,47
BB03010,1103000002215,45
SD09045,1101000002589,43
BB03010,1103000002209,41
CG07074,1104000003686,41
SD09045,1101000002584,40
BB01125,1103000002330,40
CG07074,1104000003677,39
SD09045,1101000002579,36
BB01125,1103000002334,36
BB03010,1103000002203,35
CG07074,1104000003687,35
SD09045,1101000002591,34
CG05057,1104000003564,33
CG07074,1104000003679,33
BB01125,1103000002338,32
SD09045,1101000002588,31
CG07074,1104000003675,31
BB01125,1103000002337,31
BB01125,1103000002339,30
BB03010,1103000002214,29
BB01125,1103000002343,29
SD09045,1101000002586,29
BB03010,1103000002213,28
SD09045,1101000002583,27
CG07074,1104000003678,27
BB01125,1103000002329,27
CG07074,1104000003689,25
CG07074,1104000003688,24
CG05057,1104000003575,23
CG05057,1104000003576,23
SD09045,1101000002581,22
BB01125,1103000002342,22
BB01125,1103000002331,21
CG07074,1104000003685,21
SD09045,1101000002578,19
CG07074,1104000003682,18
BB03010,1103000002216,16
BB03010,1103000002208,15
CG07074,1104000003681,15
CG05057,1104000003569,15
CG05057,1104000003574,14
SD09045,1101000002587,13
CG05057,1104000003570,13
SD09045,1101000002592,12
CG07074,1104000003683,12
CG05057,1104000003567,11
CG07074,1104000003680,11
CG07074,1104000003684,9
BB03010,1103000002211,7
BB03010,1103000002206,6
SD09045,1101000002582,5
BB01125,1103000002333,2
BB03010,1103000002212,0
CG05057,1104000003572,0
CG05057,1104000003571,0
BB03010,1103000002217,0
BB01125,1103000002332,0
CG05057,1104000003577,0
BB03007,1103000002181,69
SD03019,1101000003206,69
BB03007,1103000002182,68
BB03007,1103000002169,65
BB03007,1103000002180,62
SD03019,1101000003207,52
SD01066,8935281502948,52
CG07065,1104000003338,50
SD03019,1101000003205,50
SD01066,8935281502955,48
BB03007,1103000002168,43
CG07054,1104000002767,42
CG07065,1104000003337,39
BB03007,1103000002183,39
SD01066,8935281502849,38
SD01066,8935281502856,35
SD01066,8935281502825,34
CG07054,1104000002762,32
CG07054,1104000002766,32
SD01066,8935281502924,30
CG07065,1104000003327,27
SD01066,8935281502962,26
SD01066,8935281502931,25
CG07054,1104000002765,23
SD03019,1101000003204,23
CG07065,1104000003328,23
CG07065,1104000003336,21
SD03019,1101000003200,21
BB03007,1103000002170,20
CG07054,1104000002761,19
SD01066,8935281502863,19
SD03019,1101000003211,19
SD03019,1101000003208,19
CG07054,1104000002768,19
SD03019,1101000003199,17
CG07054,1104000002760,15
SD01066,8935281502832,15
BB03007,1103000002175,15
BB03007,1103000002174,15
CG07065,1104000003339,15
CG07054,1104000002763,14
CG07065,1104000003333,12
SD01066,8935281502894,11
SD01066,8935281502900,11
CG07054,1104000002769,10
SD01066,8935281502887,10
SD03019,1101000003212,10
CG07065,1104000003331,10
CG07065,1104000003326,10
CG07065,1104000003332,9
SD03019,1101000003201,8
SD03019,1101000003198,8
SD01066,8935281502870,7
CG07065,1104000003329,7
SD01066,8935281502917,6
SD03019,1101000003210,5
BB03007,1103000002167,4
BB03007,1103000002179,3
CG07054,1104000002764,3
CG07065,1104000003334,3
CG07054,1104000002772,3
CG07054,1104000002773,0
SD03019,1101000003213,0
CG07065,1104000003340,0
BB03007,1103000002171,0
BB03007,1103000002176,0
BB03007,1103000002184,0
TXN174,1401000000496,119
TXN174,1401000000494,96
TXN174,1401000000495,76
CG09029,1104000001012,66
CG09029,1104000001013,64
CG07069,1104000003428,50
CG09029,1104000001011,48
CG07069,1104000003418,47
CG09029,1104000001014,45
SD09059,1101000002914,41
SD09059,1101000002909,32
CG07069,1104000003427,30
CG07069,1104000003417,30
SD09059,1101000002913,29
CG09029,1104000001015,27
SD09059,1101000002904,26
TT03016,1107000000330,26
TT03016,1107000000329,25
TT03016,1107000000331,24
CG07069,1104000003429,23
SD09059,1101000002903,22
TT03016,1107000000325,22
TT03016,1107000000326,22
TT03016,1107000000324,21
SD09059,1101000002915,20
CG07069,1104000003426,20
TT03016,1107000000314,19
CG07069,1104000003423,18
SD09059,1101000002912,18
SD09059,1101000002910,18
TT03016,1107000000332,17
CG07069,1104000003416,17
CG07069,1104000003419,16
TT03016,1107000000316,16
TT03016,1107000000317,12
SD09059,1101000002908,12
TT03016,1107000000315,12
SD09059,1101000002905,11
SD09059,1101000002916,11
SD09059,1101000002907,10
TT03016,1107000000327,10
CG07069,1104000003422,9
CG07069,1104000003424,8
CG07069,1104000003430,7
SD09059,1101000002911,7
TT03016,1107000000328,7
CG07069,1104000003420,6
TT03016,1107000000323,6
SD09059,1101000002906,4
CG09029,1104000001010,1
CG07069,1104000003421,0
TT03016,1107000000313,0
SD09059,1101000002902,0
CG09029,1104000001016,0
CG09029,1104000001025,0
CG09029,1104000001020,0
CG09029,1104000001027,0
TXN176,1401000000476,106
TXN176,1401000000477,102
TXN169,1402000000371,101
TXN175,1401000000497,86
TXN175,1401000000499,86
TXN158,1401000000505,85
TXN176,1401000000478,84
TXN171,1401000000487,79
TXN169,1402000000370,72
TXN171,1401000000485,57
TXN171,1401000000486,56
TXN175,1401000000498,46
TXN158,1401000000503,46
TXN169,1402000000372,41
TXN180,1401000000458,126
TXN177,1401000000481,89
TXT140,1402000000397,87
TXN157,1401000000502,72
TXN157,1401000000501,71
TXT140,1402000000398,70
TXT140,1402000000399,61
TXN178,1401000000484,54
TXN178,1401000000482,17
TXN157,1401000000500,9
TXN177,1401000000479,5
TXN180,1401000000459,4
TXN180,1401000000460,3
TXN177,1401000000480,0
TXN157,1401000000430,0
TXN157,1401000000431,0
TXT136,1402000000387,61
TXN183,1401000000467,53
TXN196,8935281500494,53
TXN196,8935281500500,52
TXN196,8935281500487,49
TXT139,1402000000394,46
TXT136,1402000000386,40
TXN183,1401000000469,34
TXT139,1402000000396,27
TXT136,1402000000385,5
TXT139,1402000000395,3
TXN183,1401000000468,0
TXN194,8935281500449,0
TXT142,1402000000379,31
TXT142,1402000000381,30
TXT142,1402000000380,28
TXT133,1402000000355,24
TXT133,1402000000357,19
TXN189,8935281500685,14
TXN186,8935281500531,12
TXT133,1402000000356,6
TXN185,1401000000474,1
TXN185,1401000000473,0
TXN185,1401000000475,0
BL052,1404000000147,56
BL053,1404000000150,53
TXL020,8935281500906,39
TXT145,8935281500722,37
BL052,1404000000146,35
TXL020,8935281500920,35
TXL020,8935281500913,33
TXT145,8935281500746,32
BL053,1404000000149,26
BL052,1404000000148,7
TXT141,1402000000377,6
TXT145,8935281500739,6
BL053,1404000000151,5
TXT141,1402000000378,1
VI087,1301000000239,147
TXL021,8935281500937,31
TXL021,8935281500951,27
VI087,1301000000237,20
VI087,1301000000238,20
TXL019,1403000000048,19
TXL019,1403000000046,13
VI090,8935281501095,13
VI090,8935281501101,12
TXL021,8935281500944,4
CG07060,1104000002862,225
CG09078,1104000002906,193
CG09087,1104000003163,193
CG09087,1104000003158,190
CG09078,1104000002907,185
CG07063,1104000003243,180
CG09078,1104000002905,165
CG07063,1104000003238,163
CG09087,1104000003162,145
CG09078,1104000002908,141
CG09087,1104000003157,141
CG07063,1104000003237,139
CG07063,1104000003242,134
CG07063,1104000003233,132
CG09087,1104000003168,95
CG07060,1104000002861,93
CG07063,1104000003232,93
CG09087,1104000003161,92
SD11004,1101000002550,92
CG07063,1104000003241,91
SD11004,1101000002555,91
CG09087,1104000003156,87
CG09087,1104000003164,85
CG07063,1104000003244,82
CG07060,1104000002863,69
CG09087,1104000003159,69
SD11004,1101000002560,65
CG07063,1104000003239,60
CG07063,1104000003236,59
CG09087,1104000003167,58
CG07063,1104000003234,57
SD11004,1101000002551,53
CG07060,1104000002864,52
CG07060,1104000002860,46
SD11004,1101000002549,43
SD11004,1101000002554,42
CG09078,1104000002909,39
SD11004,1101000002556,33
CG07063,1104000003231,32
CG07063,1104000003245,29
CG09087,1104000003169,28
CG09087,1104000003166,23
CG09078,1104000002904,20
CG09087,1104000003160,18
CG09087,1104000003165,17
SD11004,1101000002561,16
CG07060,1104000002859,13
CG07060,1104000002857,11
SD11004,1101000002557,11
CG07060,1104000002858,11
CG07060,1104000002852,9
CG07060,1104000002854,9
CG07063,1104000003240,8
CG07060,1104000002856,6
SD11004,1101000002559,6
SD11004,1101000002548,4
CG09078,1104000002901,4
SD11004,1101000002562,4
SD11004,1101000002552,3
CG07060,1104000002853,2
CG09087,1104000003170,2
CG07063,1104000003235,2
CG09078,1104000002912,2
CG07060,1104000002851,1
CG09078,1104000002915,1
CG09078,1104000002913,1
CG07060,1104000002850,0
SD11004,1101000002553,0
CG09078,1104000002900,0
CG09078,1104000002902,0
CG09078,1104000002910,0
CG09078,1104000002914,0
CG09078,1104000002911,0
CG07060,1104000002855,0
CG09078,1104000002903,0
CG09078,1104000002899,0
SD11004,1101000002558,0
CG07049,1104000002406,187
BB01102,1103000001840,176
BB01103,1103000001850,133
CG05048,1104000003143,125
BB01103,1103000001848,123
BB01103,1103000001849,122
BB01102,1103000001839,108
CG05048,1104000003142,103
BB01102,1103000001838,99
CG07049,1104000002405,83
CG05048,1104000003153,61
CG05048,1104000003141,54
SD01064,1101000003327,53
SD01064,1101000003326,50
SD01064,1101000003321,46
SD01064,1101000003316,44
BB01103,1103000001843,42
SD01064,1101000003322,40
SD01064,1101000003317,39
CG07049,1104000002404,36
SD01064,1101000003325,35
SD01064,1101000003323,32
SD01064,1101000003328,31
SD01064,1101000003320,30
SD01064,1101000003329,30
CG05048,1104000003147,28
SD01064,1101000003319,28
SD01064,1101000003315,27
SD01064,1101000003324,26
CG05048,1104000003148,25
SD01064,1101000003318,24
CG05048,1104000003152,21
BB01102,1103000001842,18
BB01103,1103000001844,18
CG07049,1104000002407,17
CG05048,1104000003151,17
BB01102,1103000001841,17
BB01103,1103000001853,15
BB01102,1103000001832,14
CG07049,1104000002401,13
CG05048,1104000003144,13
BB01102,1103000001829,11
BB01102,1103000001834,11
CG07049,1104000002409,11
BB01102,1103000001828,11
BB01102,1103000001835,10
BB01102,1103000001830,9
BB01103,1103000001852,6
CG07049,1104000002410,5
CG05048,1104000003146,5
BB01103,1103000001855,5
BB01102,1103000001831,5
BB01102,1103000001833,4
BB01102,1103000001837,4
BB01103,1103000001845,3
CG07049,1104000002399,3
CG07049,1104000002400,3
CG07049,1104000002402,3
CG07049,1104000002403,3
CG05048,1104000003149,2
CG07049,1104000002408,2
BB01103,1103000001854,2
CG07049,1104000002412,2
BB01102,1103000001836,2
BB01103,1103000001851,2
CG05048,1104000003154,0
BB01103,1103000001857,0
CG07049,1104000002411,0
BB01103,1103000001846,0
CG09057,1104000002185,144
CG09067,1104000002657,103
CG05033,1104000002073,99
CG09067,1104000002647,98
CG09084,1104000003138,91
CG05033,1104000002072,83
CG09084,1104000003128,79
CG09057,1104000002184,67
CG09084,1104000003137,58
CG09057,1104000002186,46
CG05033,1104000002071,46
CG07070,1104000003458,43
CG09084,1104000003127,41
CG09067,1104000002648,40
CG09084,1104000003139,40
CG09067,1104000002652,40
CG07070,1104000003463,38
CG09067,1104000002656,34
CG07070,1104000003462,31
CG09084,1104000003136,30
CG07070,1104000003457,30
CG05033,1104000002067,29
CG09084,1104000003129,29
CG09057,1104000002187,28
CG09084,1104000003133,27
CG07070,1104000003468,20
CG07070,1104000003467,19
CG07070,1104000003461,18
CG07070,1104000003456,17
CG07070,1104000003464,17
CG09067,1104000002645,16
CG07070,1104000003459,16
CG09067,1104000002649,16
CG09057,1104000002190,13
CG09067,1104000002659,13
CG09067,1104000002651,13
CG09067,1104000002646,13
CG09067,1104000002655,12
CG09084,1104000003126,12
CG09057,1104000002195,11
CG09057,1104000002197,9
CG09067,1104000002658,9
CG09067,1104000002654,9
CG07070,1104000003466,7
CG09057,1104000002191,6
CG07070,1104000003469,6
CG07070,1104000003465,6
CG09057,1104000002183,4
CG07070,1104000003460,4
CG09057,1104000002189,4
CG09084,1104000003140,3
CG05033,1104000002068,2
CG09067,1104000002653,2
CG09057,1104000002193,1
CG09057,1104000002194,1
CG09057,1104000002196,1
CG05033,1104000002066,0
CG09067,1104000002650,0
CG09084,1104000003132,0
CG09057,1104000002188,0
CG09084,1104000003135,0
CG09084,1104000003134,0
CG09084,1104000003131,0
CG09084,1104000003130,0
CG05033,1104000002075,0
CG05033,1104000002074,0
CG05033,1104000002077,0
CG07070,1104000003470,0
CG09057,1104000002192,0
CG09083,1104000003113,100
CG09072,1104000002787,86
CG09093,1104000003308,84
CG09083,1104000003118,72
CG09072,1104000002786,62
CG05052,1104000003487,62
CG05052,1104000003488,61
CG09076,1104000002842,56
CG09076,1104000002837,53
CG09093,1104000003307,53
CG09072,1104000002777,50
CG05052,1104000003486,39
CG05052,1104000003493,36
CG09076,1104000002847,35
CG09093,1104000003309,32
CG05052,1104000003492,28
CG09072,1104000002785,26
CG09093,1104000003303,26
CG05052,1104000003489,25
CG09083,1104000003123,23
CG09076,1104000002841,18
CG09093,1104000003306,18
CG09076,1104000002840,17
CG09072,1104000002788,16
CG09083,1104000003112,15
CG09072,1104000002776,14
CG09072,1104000002782,13
CG05052,1104000003491,13
CG09083,1104000003111,12
CG09076,1104000002838,11
CG09076,1104000002843,10
CG09083,1104000003122,10
CG09083,1104000003116,10
CG09076,1104000002845,9
CG09076,1104000002836,9
CG09076,1104000002835,9
CG09083,1104000003117,7
CG09083,1104000003121,5
CG09083,1104000003119,4
CG05052,1104000003494,4
CG09076,1104000002846,3
CG09083,1104000003120,3
CG09076,1104000002848,2
CG09076,1104000002844,2
CG09093,1104000003304,2
CG09083,1104000003124,2
CG09076,1104000002839,2
CG09083,1104000003114,1
CG09083,1104000003125,1
CG05052,1104000003490,0
CG09072,1104000002778,0
CG09093,1104000003302,0
CG09072,1104000002789,0
CG09083,1104000003115,0
CG09093,1104000003296,0
CG09093,1104000003297,0
CG09093,1104000003301,0
CG09076,1104000002849,0
CG09072,1104000002775,0
CG09072,1104000002781,0
CG09072,1104000002783,0
CG05052,1104000003500,0
CG05052,1104000003496,0
CG05052,1104000003495,0
CG09093,1104000003299,0
CG09093,1104000003298,0
CG05052,1104000003497,0
SD07012,1101000002011,86
CG09062,1104000002614,66
CG09062,1104000002613,57
CG09080,1104000003053,55
CG09062,1104000002615,37
CG09080,1104000003063,34
CG09080,1104000003052,29
CG09080,1104000003062,28
SD07020,1101000002871,28
SD07012,1101000002010,26
CG09062,1104000002623,24
SD07020,1101000002872,22
SD01054,1101000003036,19
CG09080,1104000003064,15
CG09062,1104000002612,14
SD01054,1101000003035,14
CG09062,1104000002616,13
CG09080,1104000003054,13
SD07020,1101000002873,12
SD07020,1101000002870,11
SD01054,1101000003029,9
SD07012,1101000002006,8
SD01054,1101000003023,8
CG09062,1104000002619,8
SD01054,1101000003034,7
CG09062,1104000002622,6
CG09062,1104000002620,6
CG09062,1104000002621,6
CG09080,1104000003061,5
CG09062,1104000002618,5
SD07020,1101000002867,4
SD01054,1101000003038,3
SD07020,1101000002865,2
SD07020,1101000002866,2
SD01054,1101000003022,2
CG09080,1104000003059,2
CG09080,1104000003058,2
SD07012,1101000002009,1
SD07020,1101000002874,1
SD07020,1101000002868,1
CG09062,1104000002629,0
CG09080,1104000003051,0
CG09080,1104000003055,0
SD07020,1101000002864,0
SD07020,1101000002869,0
SD07012,1101000002012,0
SD07020,1101000002885,0
SD01054,1101000003024,0
SD01054,1101000003030,0
SD01054,1101000003037,0
SD07020,1101000002882,0
CG09080,1104000003057,0
CG09080,1104000003060,0
CG09080,1104000003065,0
SD07020,1101000002883,0
SD07020,1101000002884,0
SD07020,1101000002886,0
SD01054,1101000003025,0
SD01054,1101000003026,0
SD01054,1101000003028,0
SD01054,1101000003031,0
SD01054,1101000003033,0
CG09080,1104000003056,0
CG09062,1104000002628,0
CG09062,1104000002627,0
CG09062,1104000002626,0
CG09062,1104000002625,0
SD01054,1101000003039,0
SD07012,1101000002007,0
SD07012,1101000002005,0
SD07012,1101000002004,0
SD07012,1101000002000,0
SD07012,1101000001999,0
CG09062,1104000002617,0
CG07056,1104000002817,76
SD05007,1101000002238,58
SD05007,1101000002237,56
SD13001,1101000002334,55
SD09052,1101000002735,33
SD13001,1101000002339,30
SD13001,1101000002335,28
CG07056,1104000002816,28
SD09052,1101000002734,20
SD05007,1101000002239,17
SD09050,1101000002695,16
SD09052,1101000002736,14
SD09050,1101000002685,14
SD05007,1101000002236,13
SD09050,1101000002690,12
SD09050,1101000002694,12
SD09052,1101000002740,11
SD13001,1101000002336,11
SD09052,1101000002733,11
SD13001,1101000002340,10
SD09052,1101000002730,7
SD09050,1101000002696,6
SD09052,1101000002739,6
SD09050,1101000002689,6
SD09050,1101000002684,6
SD09052,1101000002728,5
SD09050,1101000002693,5
SD09052,1101000002731,4
SD09050,1101000002691,4
SD09050,1101000002686,4
SD13001,1101000002333,3
SD09050,1101000002688,3
SD09052,1101000002729,2
SD09050,1101000002697,2
SD09052,1101000002737,2
SD13001,1101000002341,1
SD09052,1101000002741,1
CG07056,1104000002812,0
CG07056,1104000002818,0
SD05007,1101000001126,0
SD09050,1101000002687,0
SD05007,1101000001122,0
CG07056,1104000002811,0
SD05007,1101000002224,0
SD09050,1101000002683,0
SD05007,1101000002241,0
CG07056,1104000002805,0
CG07056,1104000002806,0
CG07056,1104000002815,0
SD09052,1101000002732,0
SD09052,1101000002738,0
SD09052,1101000002742,0
SD09050,1101000002692,0
SD05007,1101000001652,0
SD05007,1101000002240,0
SD05007,1101000002235,0
SD05007,1101000002233,0
SD05007,1101000002228,0
SD05007,1101000001123,0
SD05007,1101000001654,0
SD13001,1101000002332,0
SD13001,1101000002345,0
SD13001,1101000002343,0
SD13001,1101000002342,0
SD13001,1101000002337,0
